,class,ID,mRNA,ORF_strand,ORF_frame,ORF_start,ORF_end,ORF,Fickett,Hexamer,Coding_prob,SignalP.predicted..0,sequence.1,mel.seq.2,X,sim.seq.1,sim.seq.2,truncated,conserved,sim.length,X.1,TU,GID,chrom,start,end,strand,coord
1,MSU,TU309_ORF_1,867,+,1,301,633,333,0.612,0.076328392,0.113253469,N,ATGCGGGGTCATGGCGACAGCTATAATTCAAATGGGAGCAGCATTACTCAAAGCGAGTTGTGTGTGCGACTGACAGTCGGCGGAGCTAACGAATGGAACCCGGCTTCTTCCCTTGGTTTTGATTCATGGTCGTTGGTCACTGGTCCGCCGCCCCTCCTCCGCATCATCATCTCTTGGCCAGGTCTAATCGCCTTGGCGACACCTATTTTCGTAGGCGCGACATCCCCGCCCATGCCCATGCCCCTCCACCGACCACTATCCACTCGATTTGGGAACCCATGTCGCACTCACATCCGTGCGTATGAGCATCATCAGTTGGCAGACCGTAACTAA,,NA,ATGCGGGGTCATGGCGACAGCTATAATTCAAATGGGAGCAGCATTACTCAAAGCGAGTTGTGTGTGCGGCTGACAGTCGG CGGAGCTAACGAATGGAACCCGGCTTCTTCCCTTGGTTTTGATTCATGGTCGTTGGCCACTGGCCCGCTGCCCCTCCTCC GCATCATCATCATCTTTTGGCCAGGTCTAATCGCCTTGGCGACACCTATTTTCGTAGGCGCGACATCCCCGCCCATGCCC ATGCCCCTCCGCCGACCACTATCCACTCGATTTGGGACCCCAAGTCGCACTCACATCCGTGCGTATGAGCATCATCAGTT GGCAGACCGTAACTAA,,N,Y,336,,TU309,G227,NA,NA,NA,NA,NA:NA-NA
4,MSU,TU576_ORF_1,827,+,1,589,825,237,0.8692,-0.206823541,0.060676865,N,ATGCTCCATTACAGCCTCCACCGCACCGATGGGCTTATCCGTTTGATGATTTTCCATTTAATTCATAAATATTTGATAGCATCCACAATTGAAGCCCTGCATCATTCATTACCCATCAAAGCGAATTGGCGTCGAAAATGTCGGACAGAATGGAAAGTGGAGTTCCCAAAAGGACATCGGGCAAAAACAATTGGCAACATCCTCATTCTCATCATGATGATGATAGTAGTCGTCCTGGC,,NA,,,,,Scf_2L:3251785-3251947,look up end 237 - 163 bp more,TU576,G410,NA,NA,NA,NA,NA:NA-NA
10,MSU,TU1108_ORF_1,1266,+,2,848,1264,417,0.8277,-0.217191032,0.130974367,N,ATGCGAGGCCTGCCTGCCAATGGAGATGGGCCAACGAGTGGCATAGGAATGGCGACCGATGGGGTCATGTGGCAGAAAGGATTACACGTGGCAGGGCGGACTGGGAAATCCCTTTTGGGGCCACTTGGGCACGCTGCTGCGGCTCCTCCACCGGAACTGCCGGGCCAAGCAAAAGACAATGGCAAAACAATCCGGTCGGCAGCAGAAAAGTGGGTAACTTGCGACTTGGAAAAGCAAACGCAAAAAAAAGCCAAGGAAAAATCAAAGCTGCAAAAGGACACCCAAACATGCATGTTAAGCTTGATTTCCGATGGAATTTTTTCGATTCGCAATCGATTTGGTTTTCTTTTTCCAGATATATTTAGGTTTGTACACTGTATTCTTAAAAAACTGTATATATATTTTCATTTACTAATCCT,,NA,START CODON NOT FOUND,,,,,,TU1108,G720,NA,NA,NA,NA,NA:NA-NA
15,MSU,TU1216_ORF_1,479,+,2,158,322,165,0.8312,-0.472211556,0.025063731,N,ATGGCAATTAGTTGGAAAATTTGTTCTTCAATGCGACTTGTCCGCCGTTCAAGGATATTAAAGTCTAGAGTTCTTGGAAATCACACATTTTGTGGTTCG,TCTGTGCCCACTGCCCACACGAGGAGCAAAAATCAGCAGCCAACGCACAACAATCTTGAGAATTAAACAACTTCAGAAGAAGTTCTCAGACAACTCAGCGAAAGTAGAAGACATGGGCGTACAGCCAAAGCTGCTGTTAGGCTTCAGATGA,NA,ATGGCAATTAGTTGGAAAATTTGTTCTTCAATGCGACTTGTCCGCCGTTCAAGGATATTAAAGTCTAGAGTTCTTGGAAA TCACACATTCTGTGGTTCG,TCTGTGCCCACTGCCCACACGAGGAGCAAAAATCAGCAGCCAACGCACAACAATCTTGAGAATTAAACAACTTCAGAAGA AGTTCTCAGGCGACTCAGGGAAAGTAGAAGACATGGGCGTACAGCCAAAGCTGCTGATAGTCTTCAGATGA,N,Y,165,,TU1216,G783,NA,NA,NA,NA,NA:NA-NA
17,MSU,TU1250_ORF_1,1737,+,2,284,505,222,0.5729,-0.319612039,0.005040145,N,ATGTGTGCAACCCTTTTGGTGGGAAGCTGGGAAAAAATCCGTTCAGCCAAGAGCCCAAATCCTTTTGTCCAAGAAAACTACACCGAACCGAAGGAAAGTGGATGGAAAATAAAAGGAAATTTCCGCAGTTGCTTAGCTTCAAGCGAAAAATACTTTTTGTGGGAATTCGCACAATTAGAGCACGGCGAGTGGTTTCCTTTTCGTGTCCCTCGGGGTAACTAA,,NA,ATGTGCGCAACCCTTTTGGTTGGGAAGCTGGGAAAAAATCCGTTCAGCCAAGAGCCCAAATCCTTTTGTCCAAGAAAACT ACACCGAACCGAAGGAAAGTGGATGGAAAATGAAAGGAAATTTCCGCAGTTGCTTAGCTTCAAGCAAAAAAATACTTTTT GTGGGAATTCGCACAATTAGAGCACGGCGAGTGGTTCCTTTTCGTGTCCCTTCGGGGTAAC,,Y,N,180,,TU1250,G808,NA,NA,NA,NA,NA:NA-NA
22,MSU,TU1556_ORF_1,374,+,1,25,321,297,0.7163,-0.265332239,0.09893215,N,ATGAACACATCCTTGTATTTTGGCCCCGAATACAATAACCAAAGTCATGCTGTGACACCTCCAGTCATTTCGAATCCTGCCCCACGCCAACTTGTTGCATCCAAAATCAACTGTGATTCCCGCTTCACTGGAGAAATCACCAATAAAAAAATTGCTCTATGCCCAAAAACTGTCAGTGACACTTACAAATTGGATTTTCGACAGCGGCAAGCAATTCTGAAGGACACACCATTATCGCGTGCTGGCATAAAATCGCTTAAAAAGATATCCCAAATAAATAATGTCGCATGTAAATAA,,NA,ATGAACACATCCTTGTATTTTGGCCCCGAATACAATAACCAAAGTCATGCTGTGACACCTCCAGTCATTTCGAATCCTGC CCCACGCCAACTTGTTGCATCCGAAATCAACTGTGATTCTCGCTTCACTGGAGAAATCACCAATGAAAAAATTGCTCTAT GCCCAAAAACTGTCAGTGACACTTACAAATTGGATTTTCGACAGCGGCAAGCTGTCCTGAAGGACACACCATTATCGCGT GCTGGCATAAATTCGCTTAAAAAGATATCCCAAATAAATAATGTCGCATGTAAATAA,,N,Y,297,,TU1556,G998,NA,NA,NA,NA,NA:NA-NA
23,MSU,TU1925_ORF_1,2192,+,1,1882,2178,297,0.7928,-0.130024149,0.016259411,N,ATGCTGACAAGGGGCCGCTTGGATTTTCATTTTAcgctgctgatggcgctgccgcttccacttctgatgccATTCTCGAACCCATTTCCATGGCACTTTTTCCCTGGCTTCTGCAATATCCCTGAAAACCCTATTTCGATTCTTATGCCGTTCCCATGGCCCGTAACAATTTTGTTTGCCTTTTGCGTTCAGTTTGTTTGTATAATTTATGTGCCTCACCGACGACCAGGCCAACTGGCCAAATCCGCACTCCCTCTATCGGAAATGGCCGAATGGATGGGAACTGGGCAGTGCTAG,,NA,ATGCTGACAAGGGCCGCTTGGATTTTCATTTTACGCTGCTGATGGCGCTGCCGCTTCCACTTCTGATGCCATTCTCAAAC CCATTTCCATGGCACTTTTTCCCTGGCTCCTGCAATATCCCTGAAAACCCTATTTCGATTCTTATGCCGTTCCCATGGCC CGTAACAATTTTGTTTGCCTTTTGCGTTCAGTTTGTTTGTATAATTTATGTGCCTCACCGACGACCAGGCCAACTGGCCA AATCCGCACTCCCTCTATCGGAAATGGCTGAATGGATGGGAACTGGGCAGTGCTAG,,Y,N,42,,TU1925,G1251,NA,NA,NA,NA,NA:NA-NA
53,MSU,TU1938_ORF_1,799,+,2,473,721,249,0.8591,0.142540257,0.143267561,N,,,NA,,,,,,,TU1938,G1258,NA,NA,NA,NA,NA:NA-NA
62,MSU,TU2185_ORF_1,421,+,1,10,186,177,0.8063,0.071076065,0.095387357,N,,,NA,,,,,,,TU2185,G1406,NA,NA,NA,NA,NA:NA-NA
65,MSU,TU2357_ORF_1,3030,+,3,540,761,222,0.6948,0.062937505,0.003214779,N,,,NA,,,,,,,TU2357,G1515,NA,NA,NA,NA,NA:NA-NA
87,MSU,TU2401_ORF_1,604,+,3,213,362,150,1.0342,-0.160581558,0.069881069,N,,,NA,,,,,,,TU2401,G1547,NA,NA,NA,NA,NA:NA-NA
90,MSU,TU2506_ORF_1,375,+,3,39,371,333,0.8309,-0.563123284,0.095082269,N,,,NA,,,,,,,TU2506,G1620,NA,NA,NA,NA,NA:NA-NA
93,MSU,TU2511_ORF_1,1369,+,2,326,652,327,0.751,-0.260793061,0.040350559,N,,,NA,,,,,,,TU2511,G1625,NA,NA,NA,NA,NA:NA-NA
113,MSU,TU2516_ORF_1,461,+,2,260,460,201,0.6663,-0.305370631,0.031482641,N,,,NA,,,,,,,TU2516,G1626,NA,NA,NA,NA,NA:NA-NA
114,MSU,TU2695_ORF_1,948,+,2,326,547,222,0.9513,0.138019361,0.124015157,N,,,NA,,,,,,,TU2695,G1725,NA,NA,NA,NA,NA:NA-NA
128,MSU,TU2853_ORF_1,821,+,1,601,819,219,0.712,-0.681780925,0.010821445,N,,,NA,,,,,,,TU2853,G1817,NA,NA,NA,NA,NA:NA-NA
135,MSU,TU4049_ORF_1,393,+,2,152,283,132,0.5298,-0.150755798,0.018073902,N,,,NA,,,,,,,TU4049,G2621,NA,NA,NA,NA,NA:NA-NA
137,MSU,TU4071_ORF_1,1966,+,2,1388,1870,483,0.6584,-0.31653542,0.046802913,N,,,NA,,,,,,,TU4071,G2632,NA,NA,NA,NA,NA:NA-NA
155,MSU,TU4301_ORF_1,1021,+,2,104,262,159,0.7818,-0.287948375,0.015429949,N,,,NA,,,,,,,TU4301,G2784,NA,NA,NA,NA,NA:NA-NA
164,MSU,TU4836_ORF_1,841,+,1,439,690,252,0.5852,-0.58743505,0.011949747,N,,,NA,,,,,,,TU4836,G3076,NA,NA,NA,NA,NA:NA-NA
168,MSU,TU5117_ORF_1,442,+,3,222,344,123,0.3954,-0.766607444,0.002392109,N,,,NA,,,,,,,TU5117,G3266,NA,NA,NA,NA,NA:NA-NA
170,MSU,TU5775_ORF_1,1060,+,3,852,980,129,0.5215,-0.702811528,0.001884237,Y,,,NA,,,,,,,TU5775,G3638,NA,NA,NA,NA,NA:NA-NA
174,MSU,TU5836_ORF_1,308,+,3,144,296,153,0.4653,-0.412055805,0.010766946,N,,,NA,,,,,,,TU5836,G3677,NA,NA,NA,NA,NA:NA-NA
176,MSU,TU5934_ORF_1,227,+,3,27,152,126,0.7747,-0.339337567,0.028713319,N,,,NA,,,,,,,TU5934,G3742,NA,NA,NA,NA,NA:NA-NA
179,MSU,TU5967_ORF_1,925,+,3,39,344,306,0.6734,-0.359518357,0.037991846,N,,,NA,,,,,,,TU5967,G3764,NA,NA,NA,NA,NA:NA-NA
182,MSU,TU6104_ORF_1,707,+,3,219,350,132,1.1188,-0.183514951,0.064107349,N,,,NA,,,,,,,TU6104,G3849,NA,NA,NA,NA,NA:NA-NA
183,MSU,TU6443_ORF_1,1090,+,2,167,406,240,0.5273,-0.335984056,0.011744974,Y,,,NA,,,,,,,TU6443,G4062,NA,NA,NA,NA,NA:NA-NA
192,MSU,TU6445_ORF_1,1303,+,3,129,431,303,0.5121,0.060428328,0.037032563,N,,,NA,,,,,,,TU6445,G4063,NA,NA,NA,NA,NA:NA-NA
201,MSU,TU6451_ORF_1,1992,+,3,618,887,270,0.4592,-0.150545912,0.005767416,Y,,,NA,,,,,,,TU6451,G4065,NA,NA,NA,NA,NA:NA-NA
206,MSU,TU6452_ORF_1,450,+,3,54,209,156,0.6683,-0.111973981,0.034243826,Y,,,NA,,,,,,,TU6452,G4066,NA,NA,NA,NA,NA:NA-NA
209,MSU,TU6453_ORF_1,635,+,2,470,595,126,0.706,-0.438397061,0.010754396,N,,,NA,,,,,,,TU6453,G4067,NA,NA,NA,NA,NA:NA-NA
214,MSU,TU6472_ORF_1,1378,+,1,304,459,156,0.9225,-0.14215617,0.02022177,N,,,NA,,,,,,,TU6472,G4077,NA,NA,NA,NA,NA:NA-NA
238,MSU,TU6463_ORF_1,1162,+,2,989,1135,147,0.4506,-1.039311744,0.00069083,N,,,NA,,,,,,,TU6463,G4076,NA,NA,NA,NA,NA:NA-NA
247,MSU,TU6556_ORF_1,5339,+,1,3523,3885,363,0.6853,-0.322089579,0.000191701,Y,,,NA,,,,,,,TU6556,G4140,NA,NA,NA,NA,NA:NA-NA
252,MSU,TU6703_ORF_1,1715,+,2,887,1252,366,0.7639,-0.020718531,0.064460799,N,,,NA,,,,,,,TU6703,G4230,NA,NA,NA,NA,NA:NA-NA
273,MSU,TU6714_ORF_1,2964,+,3,1743,2171,429,0.7493,-0.029815335,0.020421385,N,,,NA,,,,,,,TU6714,G4237,NA,NA,NA,NA,NA:NA-NA
299,MSU,TU6796_ORF_1,317,+,2,65,295,231,0.5226,-0.376473863,0.027111533,N,,,NA,,,,,,,TU6796,G4286,NA,NA,NA,NA,NA:NA-NA
301,MSU,TU6868_ORF_1,233,+,3,9,185,177,0.685,-0.40586715,0.028905517,N,,,NA,,,,,,,TU6868,G4332,NA,NA,NA,NA,NA:NA-NA
302,MSU,TU6921_ORF_1,702,+,3,210,455,246,0.6945,-0.18391283,0.048565773,N,,,NA,,,,,,,TU6921,G4371,NA,NA,NA,NA,NA:NA-NA
306,MSU,TU8094_ORF_1,1001,+,2,86,283,198,0.6153,-0.407317806,0.010112959,N,,,NA,,,,,,,TU8094,G5117,NA,NA,NA,NA,NA:NA-NA
310,MSU,TU8109_ORF_1,1278,+,1,970,1173,204,0.4718,-0.253992371,0.006832101,N,,,NA,,,,,,,TU8109,G5130,NA,NA,NA,NA,NA:NA-NA
319,MSU,TU8222_ORF_1,1173,+,2,818,1144,327,0.6151,-0.067465971,0.05418727,N,,,NA,,,,,,,TU8222,G5204,NA,NA,NA,NA,NA:NA-NA
324,MSU,TU8219_ORF_1,2011,+,3,1185,1454,270,0.3978,-0.14771316,0.004688383,N,,,NA,,,,,,,TU8219,G5203,NA,NA,NA,NA,NA:NA-NA
339,MSU,TU8223_ORF_1,321,+,2,5,157,153,0.9947,0.003860542,0.129300133,N,,,NA,,,,,,,TU8223,G5205,NA,NA,NA,NA,NA:NA-NA
341,MSU,TU8224_ORF_1,373,+,2,98,244,147,0.981,-0.137845736,0.082205634,N,,,NA,,,,,,,TU8224,G5206,NA,NA,NA,NA,NA:NA-NA
342,MSU,TU8230_ORF_1,587,+,1,199,507,309,0.9139,0.074538673,0.275781184,N,,,NA,,,,,,,TU8230,G5212,NA,NA,NA,NA,NA:NA-NA
351,MSU,TU8268_ORF_1,714,+,1,355,567,213,1.2443,-0.104844635,0.198162683,N,,,NA,,,,,,,TU8268,G5232,NA,NA,NA,NA,NA:NA-NA
358,MSU,TU8272_ORF_1,991,+,1,649,774,126,0.7086,-0.576737425,0.004839194,N,,,NA,,,,,,,TU8272,G5235,NA,NA,NA,NA,NA:NA-NA
363,MSU,TU8297_ORF_1,318,+,1,121,255,135,0.8979,-0.123137099,0.065028772,N,,,NA,,,,,,,TU8297,G5250,NA,NA,NA,NA,NA:NA-NA
365,MSU,TU8386_ORF_1,1860,+,1,217,570,354,0.5986,-0.163386157,0.021265781,N,,,NA,,,,,,,TU8386,G5309,NA,NA,NA,NA,NA:NA-NA
370,MSU,TU8583_ORF_1,740,+,1,61,267,207,1.1221,0.388313761,0.336377217,N,,,NA,,,,,,,TU8583,G5438,NA,NA,NA,NA,NA:NA-NA
372,MSU,TU8820_ORF_1,799,+,1,1,303,303,0.5783,-0.124586834,0.056377523,N,,,NA,,,,,,,TU8820,G5585,NA,NA,NA,NA,NA:NA-NA
373,MSU,TU8821_ORF_1,734,+,3,471,671,201,1.0774,-0.116579032,0.111658661,N,,,NA,,,,,,,TU8821,G5586,NA,NA,NA,NA,NA:NA-NA
381,MSU,TU8875_ORF_1,725,+,1,484,642,159,0.8096,-0.090047939,0.039328671,Y,,,NA,,,,,,,TU8875,G5620,NA,NA,NA,NA,NA:NA-NA
384,MSU,TU8962_ORF_1,1100,+,3,846,1100,255,0.5605,-0.349239927,0.014165178,Y,,,NA,,,,,,,TU8962,G5673,NA,NA,NA,NA,NA:NA-NA
407,MSU,TU8986_ORF_1,1685,+,1,1318,1572,255,0.4018,-0.49592733,0.002804065,N,,,NA,,,,,,,TU8986,G5688,NA,NA,NA,NA,NA:NA-NA
412,MSU,TU9299_ORF_1,1575,+,2,827,1033,207,0.5003,-0.241298217,0.005297066,N,,,NA,,,,,,,TU9299,G5886,NA,NA,NA,NA,NA:NA-NA
442,MSU,TU9485_ORF_1,406,+,3,30,257,228,0.8811,-0.020560781,0.14588583,N,,,NA,,,,,,,TU9485,G6002,NA,NA,NA,NA,NA:NA-NA
446,MSU,TU9553_ORF_1,4032,+,2,1661,1906,246,0.5691,-0.063202984,0.000516754,N,,,NA,,,,,,,TU9553,G6046,NA,NA,NA,NA,NA:NA-NA
451,MSU,TU9646_ORF_1,2597,+,3,327,506,180,0.7841,-0.380683166,0.001809286,N,,,NA,,,,,,,TU9646,G6090,NA,NA,NA,NA,NA:NA-NA
470,MSU,TU10040_ORF_1,770,+,3,24,275,252,0.5412,-0.385338773,0.018525287,Y,,,NA,,,,,,,TU10040,G6356,NA,NA,NA,NA,NA:NA-NA
474,MSU,TU10064_ORF_1,782,+,3,9,230,222,0.5021,0.045631862,0.03429102,N,,,NA,,,,,,,TU10064,G6374,NA,NA,NA,NA,NA:NA-NA
478,MSU,TU10406_ORF_1,950,+,1,76,219,144,0.6243,-0.633760687,0.004036342,N,,,NA,,,,,,,TU10406,G6591,NA,NA,NA,NA,NA:NA-NA
483,MSU,TU10403_ORF_1,1614,+,2,317,526,210,0.3838,-0.390145281,0.002527772,N,,,NA,,,,,,,TU10403,G6590,NA,NA,NA,NA,NA:NA-NA
502,MSU,TU10587_ORF_1,1324,+,2,254,502,249,0.8153,-0.084224598,0.04006452,Y,,,NA,,,,,,,TU10587,G6706,NA,NA,NA,NA,NA:NA-NA
506,MSU,TU10622_ORF_1,790,+,1,445,594,150,0.7524,-0.23380044,0.020145274,N,,,NA,,,,,,,TU10622,G6729,NA,NA,NA,NA,NA:NA-NA
511,MSU,TU10619_ORF_1,643,+,1,67,315,249,0.5202,-0.062064562,0.042531756,N,,,NA,,,,,,,TU10619,G6726,NA,NA,NA,NA,NA:NA-NA
518,MSU,TU10948_ORF_1,567,+,1,367,507,141,0.5968,-0.298541569,0.013409464,N,,,NA,,,,,,,TU10948,G6963,NA,NA,NA,NA,NA:NA-NA
534,MSU,TU11137_ORF_1,1491,+,1,973,1218,246,0.805,-0.042616388,0.033560118,N,,,NA,,,,,,,TU11137,G7056,NA,NA,NA,NA,NA:NA-NA
567,MSU,TU11510_ORF_1,2776,+,2,53,337,285,1.0001,-0.043313188,0.015522805,N,,,NA,,,,,,,TU11510,G7283,NA,NA,NA,NA,NA:NA-NA
577,MSU,TU11605_ORF_1,723,+,1,532,660,129,0.8102,-0.50148922,0.01161353,N,,,NA,,,,,,,TU11605,G7357,NA,NA,NA,NA,NA:NA-NA
593,MSU,TU12680_ORF_1,788,+,3,147,332,186,0.4278,-0.591950118,0.004391154,N,,,NA,,,,,,,TU12680,G8095,NA,NA,NA,NA,NA:NA-NA
599,MSU,TU12853_ORF_1,534,+,2,347,496,150,0.4069,-0.548848365,0.0046768,N,,,NA,,,,,,,TU12853,G8203,NA,NA,NA,NA,NA:NA-NA
603,MSU,TU12915_ORF_1,538,+,1,97,396,300,0.5319,-0.530852064,0.026342501,N,,,NA,,,,,,,TU12915,G8241,NA,NA,NA,NA,NA:NA-NA
604,MSU,TU13212_ORF_1,600,+,3,6,275,270,0.6668,-0.160527502,0.065723796,N,,,NA,,,,,,,TU13212,G8433,NA,NA,NA,NA,NA:NA-NA
614,MSU,TU13749_ORF_1,528,+,3,30,212,183,0.681,-0.074236992,0.044105358,N,,,NA,,,,,,,TU13749,G8752,NA,NA,NA,NA,NA:NA-NA
616,MSU,TU14153_ORF_1,327,+,3,57,197,141,0.744,-0.43047843,0.021104886,N,,,NA,,,,,,,TU14153,G9031,NA,NA,NA,NA,NA:NA-NA
617,MSU,TU14167_ORF_1,331,+,3,111,329,219,0.5567,-0.183674638,0.041584032,Y,,,NA,,,,,,,TU14167,G9041,NA,NA,NA,NA,NA:NA-NA
626,MSU,TU14462_ORF_1,1032,+,3,732,1031,300,0.6706,-0.33186092,0.033199668,N,,,NA,,,,,,,TU14462,G9200,NA,NA,NA,NA,NA:NA-NA
631,MSU,TU14460_ORF_1,876,+,3,234,440,207,0.7258,-0.147402568,0.033217992,N,,,NA,,,,,,,TU14460,G9199,NA,NA,NA,NA,NA:NA-NA
644,MSU,TU14749_ORF_1,534,+,2,236,370,135,0.535,-0.353181983,0.009674313,N,,,NA,,,,,,,TU14749,G9398,NA,NA,NA,NA,NA:NA-NA
646,MSU,TU14796_ORF_1,872,+,1,685,864,180,0.488,-0.465406118,0.006054291,N,,,NA,,,,,,,TU14796,G9432,NA,NA,NA,NA,NA:NA-NA
649,MSU,TU14899_ORF_1,1861,+,1,1189,1395,207,0.6691,-0.488464359,0.003355228,N,,,NA,,,,,,,TU14899,G9493,NA,NA,NA,NA,NA:NA-NA
668,MSU,TU15358_ORF_1,533,+,2,323,460,138,0.5777,-0.621407302,0.005984262,Y,,,NA,,,,,,,TU15358,G9724,NA,NA,NA,NA,NA:NA-NA
670,MSU,TU15546_ORF_1,442,+,2,182,307,126,0.5825,-0.258062042,0.01464005,N,,,NA,,,,,,,TU15546,G9826,NA,NA,NA,NA,NA:NA-NA
674,MSU,TU15576_ORF_1,329,+,2,53,289,237,0.8314,0.107740214,0.193244405,N,,,NA,,,,,,,TU15576,G9847,NA,NA,NA,NA,NA:NA-NA
676,MSU,TU17222_ORF_1,1621,+,2,8,322,315,0.6556,-0.432490457,0.01310491,N,,,NA,,,,,,,TU17222,G10930,NA,NA,NA,NA,NA:NA-NA
682,MSU,TU17721_ORF_1,433,+,3,105,431,327,0.4833,-0.00528925,0.107365134,N,,,NA,,,,,,,TU17721,G11225,NA,NA,NA,NA,NA:NA-NA
690,MSU,TU17947_ORF_1,492,+,1,64,279,216,0.9552,-0.216056194,0.097079842,N,,,NA,,,,,,,TU17947,G11373,NA,NA,NA,NA,NA:NA-NA
